ID,MUSE_ICV,Age_At_Visit,IsF,MUSE_TBR,MUSE_GM,MUSE_WM,MUSE_VN,MUSE_HIPPOL,MUSE_HIPPOR,MUSE_nTBR,MUSE_nGM,MUSE_nWM,MUSE_nVN,MUSE_nHIPPOL,MUSE_nHIPPOR
Subj3_1,1615007.2361493108,92.03239474,N,1282393.3905988932,605721.3193595409,540582.6925367117,113486.94205999374,3456.684902310372,2702.944052815437,1111667.3081410679,525081.1439862533,468614.4759053124,98378.33251002368,2996.493610005789,2343.098897169128
Subj3_2,1499480.086219311,96.74482021,N,1172285.6301766634,564732.6490226984,510336.9123873711,77176.23997449875,3272.924477934837,3212.06644320488,1094512.6229620965,527266.5611886908,476479.60376969114,72056.13262708948,3055.7886771686035,2998.968150237325
Subj3_3,1634752.1271944046,76.73689695,N,1322536.853098869,711138.931041956,530408.6730480194,57336.94751858711,3625.544196367264,3014.964866638184,1132619.1680913044,609018.6315691775,454241.4289692009,49103.301467352096,3104.9122313272633,2582.012736412548
Subj3_4,1737251.725106239,81.4818107,N,1405130.7870349884,746993.398505211,597233.656624794,39124.6062040329,4315.389227867127,3829.967544555664,1132353.517581733,601979.9795238894,481293.0142426996,31529.367848114474,3477.645082576917,3086.4580445588717
Subj3_5,1689788.437637329,86.63527357000001,N,1410623.0029013157,677656.8094038963,604174.4468457699,105238.5778888464,3908.193725824356,3434.6586688756947,1168709.7390861062,561442.7889517101,500562.2045602002,87190.801974233,3237.962276392622,2845.6356010751697
Subj3_6,1278245.67714262,74.26525127,Y,1046751.180470705,581006.6352956295,422008.1132674217,26192.425621509552,3883.712927341461,3651.228536605835,1146455.3949713686,636348.1637052508,462204.8555603844,28687.28330228649,4253.640904487402,3999.012116884186
Subj3_7,1453678.9534521103,87.61472744999999,N,1164898.4746570587,588712.842830658,511513.5073471069,45048.03675842285,3438.314409255981,3308.612869262696,1121883.1095043495,566973.8686149819,492625.2172705349,43384.5804206105,3311.350254832559,3186.438109988343
Subj3_8,1417789.4592285156,76.65940085,Y,1178538.3224487305,657727.2415161133,484836.5783691406,16846.656799316406,3693.5806274414062,3378.868103027344,1163750.8239947264,649474.5267915999,478753.1782653734,16635.276391373955,3647.2360862604764,3336.472360862605
Subj3_9,1619087.4910193682,66.58693681,N,1327013.8793188334,681948.4454773664,569333.0834058523,48915.906053423874,4581.162975311279,3488.4870840311046,1147448.4494205401,589670.310569333,492293.5426215695,42296.83006918754,3961.261019562203,3016.4410167659826
Subj3_10,1443840.0057982206,84.46886970999999,N,1186749.2244775295,603140.2173566818,511326.8881970644,51548.10329627992,3651.242409706116,3194.837108492852,1150715.389237339,584826.7819899711,495801.2249287492,49982.92354068309,3540.3779872151135,3097.8307388132253
Subj3_11,1387270.5629807708,81.5991898,N,1099705.8748580215,593814.9140485525,448297.510553956,37599.88809835911,3922.849466085434,3784.583093762397,1109796.6509814644,599263.692211349,452411.03756069386,37944.90039823068,3958.845086944826,3819.309998103663
Subj3_12,1428076.6943030355,73.85554776000001,Y,1123528.31979084,598502.8044834137,443663.33601570135,60483.86146974564,4349.904463291168,3443.215516090393,1101439.1971958058,586735.9432580848,434940.69534208043,59294.718830888996,4264.383189573554,3375.520195628687
Subj3_13,1431228.6376953125,88.71072579000001,N,1162055.0155639648,599716.1865234375,480867.3858642578,58716.773986816406,3687.8585815429688,3069.8776245117188,1136699.601266565,586630.7024744928,470375.1186072049,57435.60561638432,3607.3914943974755,3002.8945488661684
Subj3_14,1545559.562616706,76.83010286,N,1234304.8888187408,623223.9276463985,527944.9561226368,56842.15110361576,4114.953270077705,3323.286673069,1118059.0422672585,564529.1969387133,478223.522696415,51488.80280636419,3727.410264509801,3010.3021939960204
Subj3_15,1375715.1537169218,86.88617834,Y,1120451.68469882,578956.6897095442,438947.6435679197,81464.74755311012,3426.076078414917,3459.1132405996327,1140230.486187639,589176.737207145,446696.17786411144,82902.80605415367,3486.55497238773,3520.1753239071836
Subj3_16,1391802.056276798,65.83370762999999,Y,1212080.1370674372,693592.0849841833,476103.58895719046,22355.26837706566,4334.009884595871,3938.785380721092,1219219.4890369773,697677.4567896894,478907.9176410599,22486.94459585392,4359.537917816891,3961.985476412358
Subj3_17,1473156.6471230984,73.01155408000001,N,1100467.1218800545,565058.6714603901,472442.10943436617,40513.32199811936,3739.314769744873,3554.551507234573,1045818.157655394,536997.9774991589,448980.7343297714,38501.439007271874,3553.621190160762,3378.0332321390747
Subj3_18,1278277.9353107214,69.61559495,Y,1033477.6787426472,498748.8254082203,482586.6316041946,33270.53785598278,3304.28827893734,3159.536502480508,1131889.012766229,546241.420807893,528540.2067756443,36438.67402518656,3618.9340852447676,3460.3985418847824
Subj3_19,1282028.515073657,83.94581203999999,Y,1100779.018122673,569456.5613394976,492028.3490463495,19429.0532706976,3249.0089081525807,2686.00736451149,1202072.0344767068,621857.6080809656,537304.4987422242,21216.90294651041,3547.9807336050394,2933.172130028666
Subj3_20,1647090.7684452534,81.85952517999999,N,1344737.9185322523,668976.5275220871,582631.9509847164,70246.89140677452,4436.774573087692,4113.744102239609,1143005.0620235316,568619.0199553971,495227.5533354827,59708.69963791748,3771.1852445059885,3496.6146696164187
Subj3_21,1454921.1674147844,75.77041498,N,1151417.0096354485,588084.0437479019,461574.3200451136,81773.50867152214,3747.9014972448354,3509.298561573029,1107952.6847175674,565884.7226135259,444150.55780058797,78686.67712323755,3606.4236425030176,3376.82762216737
Subj3_22,1462809.570482969,82.54316786,Y,1175292.5656993391,609907.8781893253,480475.30309224135,64500.93367052077,3057.780347585678,2817.954437971115,1124828.2928828648,583719.8817226337,459844.83414819813,61731.41669350352,2926.486518136839,2696.9581637731653
Subj3_23,1596046.0928959846,72.5634886,N,1325359.7379448414,734703.9634176494,537035.704215169,31905.04183709621,4117.005398631096,3833.005026221275,1162562.6862417327,644458.5487618137,471070.346431552,27986.070559458254,3611.303949013937,3362.1880098543643
Subj3_24,1383949.9520574808,91.15210622,Y,1073393.9649217129,539016.9294737577,466856.2991262674,47085.380276083946,2816.728915452957,2753.1016767024994,1085842.409731868,545268.0569419308,472270.55993252265,47631.44237153717,2849.395294802073,2785.030153477265
Subj3_25,1475159.3113714457,88.12564785000001,Y,1162444.9534535408,613600.169736743,481507.6006275416,48346.903223991394,3504.391851425171,3275.578556656837,1103218.4268436423,582337.2641920256,456974.806505368,45883.63032509421,3325.843218542969,3108.687952527768
Subj3_26,1625426.972795248,80.44486072999999,N,1303704.0060424805,677987.4048138857,575452.5690915586,27289.45986485481,4238.564481854439,3487.176614999771,1122896.0999217944,583958.7890602864,495644.28929263627,23504.743338358134,3650.727085198744,3003.5475863944957
Subj3_27,1300244.395326376,92.03454764,Y,1026255.7698476316,510048.082448244,419433.12331795687,79071.51194930077,3227.8581368923187,2966.007628440857,1104990.787078949,549179.3065935905,451612.30823667126,85137.93032057953,3475.501534859472,3193.561683282548
Subj3_28,1424950.7564730644,79.74490759,Y,1098916.41049397,597050.7402117252,438714.449136734,42753.8086463213,3645.104489207268,3352.6640820503235,1079674.4853832705,586596.4367535783,431032.5995486692,42005.19339559454,3581.279045404429,3293.959242835896
Subj3_29,1658562.344132066,88.73608461,N,1402336.727210283,681517.3394662142,599552.0123183727,98382.37514734268,3965.689242482186,3274.354956150055,1183718.794195696,575271.8784604976,506084.5739175212,83045.00924766704,3347.4562829173788,2763.8978750653823
Subj3_30,1379258.155822754,85.09812083,Y,1109185.2188110352,566277.5039672853,457118.9880371094,67898.75030517577,3438.949584960937,3315.9255981445312,1125865.5965018666,574793.4150016216,463993.3289864803,68919.83928167676,3490.6659051607003,3365.7918336782463
Subj3_31,1325582.020679355,72.40039967999999,Y,1118687.4588114023,614111.7003904581,464260.4039597511,20200.503423571587,4077.053571224213,3705.077495098114,1181490.4079140362,648587.840762973,490323.9146307578,21334.556709290977,4305.938757971867,3913.0799997415397
Subj3_32,1476782.060124993,90.86546038,N,1233916.135998845,603244.2647569776,552416.408608675,58556.4139700532,3832.807735145092,3670.683496534824,1169761.35954155,571879.895797412,523694.7230972502,55511.901025623156,3633.5292620963737,3479.8343194349195
Subj3_33,1496089.4121229646,78.94543809,N,1245409.8903387785,647011.3231986761,475323.0944275856,101320.93094289304,3995.082899928093,3331.8869024515147,1165420.8848387895,605455.693448686,444794.49343494576,94813.3862659751,3738.4905036943264,3117.889629880444
Subj3_34,1425565.81063056,80.2487999,Y,1191762.8324434755,641902.8352971077,498181.2649860382,28456.033979415894,3278.023522138596,2794.701651573181,1170389.9974164397,630391.0789067335,489246.98234166676,27945.709187260043,3219.236107355937,2744.582034042911
Subj3_35,1339495.2912291288,89.24354946,Y,1082547.6614195704,576272.2629222274,428042.5990727544,60848.26270508767,2484.3226811289787,2332.688398480416,1131446.1020588626,602302.3547554327,447377.18947259,63596.76539732672,2596.538992226758,2438.055422259751
Subj3_36,1552784.16398561,76.89237277000001,N,1215774.40288347,593115.2067997457,555445.8813622594,46743.57115352153,3138.554140985012,3260.6249188780785,1096149.872927627,534756.4128863302,500793.5113861514,42144.29869439124,2829.7402171469703,2939.8000007370074
Subj3_37,1517625.646572113,85.25905685000001,Y,1204227.9988293648,611546.4454298018,518246.8976688385,50180.84358930588,2486.225552558899,2348.801270961761,1110892.6645837366,564147.7037077999,478079.4647053944,46291.50883401996,2293.527248596787,2166.754223463378
Subj3_38,1257987.8519990444,96.02478929,Y,940110.6748162508,468143.4515579939,392662.80999827385,62170.24522197247,2082.579018831253,2160.88986325264,1046238.1990821888,520991.3840898436,436989.85894340806,69188.5403920638,2317.6778867384237,2404.829111621655
Subj3_39,1611349.7141125202,70.41334067,N,1369504.7692580223,726908.9327116013,567407.094691515,55491.29573893547,3943.649449110031,4229.970879793167,1189876.2014037543,631565.2628869228,492984.1893481419,48212.88225275022,3426.3879407425184,3675.154548913089
Subj3_40,1546572.3077487948,76.29156938,N,1281075.4697871208,641331.8516224623,485469.6190685034,132495.13367593288,3878.8136065006256,3176.4669156074524,1159664.923984455,580551.3184044963,439460.5174880058,119938.25714900563,3511.2092864285983,2875.4256490752805
Subj3_41,1379030.858927727,90.80209857,Y,1112377.6443023682,526360.8400411606,469559.2144870758,96904.46392440796,3284.444492340088,2764.693549156189,1129292.1343574754,534364.5294715229,476699.1949643954,98377.96494246631,3334.3867974437467,2806.7326729934443
Subj3_42,1197820.4677051306,80.02238806,Y,950623.7989228964,505068.0283856392,403191.0501909256,25740.88386118412,3286.59096121788,2973.349231481552,1111079.1261079689,590318.2144604676,471245.4708248078,30085.675088438307,3841.333045945015,3475.2193974856245
Subj3_43,1412608.5327148438,89.07079593,Y,1139273.9318847656,571503.4545898439,514920.8435058594,32267.19970703125,2314.6728515625,2289.9169921875,1129105.1042806092,566402.381053219,510324.80989106797,31979.19207172368,2294.0127552249833,2269.4778594471763
Subj3_44,1516696.2663767338,94.58175489,Y,1314157.8646919131,609772.415414393,566214.3137435317,118218.37021547554,3297.8043433427806,3027.9146298766136,1213045.124033874,562855.8601383826,522649.16635856265,109122.51976267187,3044.067677247838,2794.943572950228
Subj3_45,1508285.4579138756,86.74756707,N,1201412.1502560377,577849.7982867956,516480.03116393095,86983.43146705627,3122.632752418518,2480.241610169411,1115158.2755991109,536363.7986143787,479399.99675498524,80738.5653789366,2898.4472603962163,2302.175782454205
Subj3_46,1440456.760005951,78.41788748,N,1097036.0947954657,594976.1648225784,433925.1916849613,49215.49176454544,2931.7368173599243,2857.097440958023,1066224.6693939685,578265.6264865379,421737.9412044525,47833.22233850251,2849.3958709922936,2776.852820854343
Subj3_47,1289358.6217381954,69.20493216,Y,1117552.3054828644,598746.4192950726,468665.01853227615,32179.576320767403,3728.3230940103526,3526.428341627121,1213450.7818831627,650125.5530312089,508881.7144299627,34940.943574209145,4048.254879296371,3829.0353009951236
Subj3_48,1603791.5139484406,85.660063,N,1294356.4532718658,670282.3391904831,491881.93105888367,111793.46146774292,4025.660963058472,3590.0575275421143,1129884.4137909987,585110.5126229295,429379.1914305987,97588.0248109803,3514.125931746916,3133.874007217462
Subj3_49,1252828.0296587944,71.80497073,Y,1090108.1850123403,623559.9569153786,419220.42271375656,27465.030627250668,3873.932414054871,3361.2420535087585,1218165.1614491106,696810.6707504666,468467.00257744297,30691.397356924565,4329.010248241255,3756.0932254954914
Subj3_50,1604966.276656151,81.51752053000001,N,1391813.3463810682,690468.3680223228,465207.8824228048,216264.553639412,3434.6546534299846,3222.971270799637,1214068.303661281,602290.3591751596,405797.33347971126,188645.94197329824,2996.023396092925,2811.373575101092
Subj3_51,1600303.6768407822,86.75312067,N,1229919.659099102,623325.5894745588,509512.3439831734,73977.69186866282,4727.994200706482,4019.529231190682,1075975.4836894358,545306.3927136156,445738.7006600075,64718.19699907634,4136.209881149723,3516.420667592349
Subj3_52,1238119.8362903595,72.21316883,Y,959621.673158884,500306.7988014221,404476.6582503319,35975.15210223198,2248.9823327064514,1857.429369449616,1085089.1028833915,565720.2944269191,457360.6729758149,40678.78687254414,2543.029498035309,2100.2822513697497
Subj3_53,1588996.2699222562,74.21897206,N,1307733.823179245,690101.4887108803,534793.1386528015,61718.57191085816,3959.581655502319,3826.208849430084,1152191.0951625574,608020.3600745407,471184.48814895825,54377.72404552527,3488.62638801189,3371.1170319261987
Subj3_54,1539454.5998504162,76.34442429,N,1273348.2014331818,659712.0690140724,540722.9449919462,50801.48543524742,3473.8045462369923,3647.555953621864,1157999.3863928644,599950.7206704533,491740.4664368024,46199.530415679095,3159.122955106531,3317.134740814571
Subj3_55,1316907.911266565,87.60651372999999,N,1058451.4704930782,561167.0572943686,439470.9350037575,39767.15098893642,3658.284160137177,3052.702710270881,1125235.899953798,596574.6530116259,467199.9490180914,42276.31325486175,3889.108555256714,3245.3171234037377
Subj3_56,1286504.4301199913,78.04538357,Y,1016834.1798288822,562581.5437011719,402493.1665596962,34191.03231930733,3413.8417553901672,2750.65099143982,1106539.408984126,612212.5526673704,438001.16034658224,37207.369151900784,3715.0112705795073,2993.313740595962
Subj3_57,1573043.6811125278,78.10752085,N,1301627.0638990402,675360.1817160845,548149.7786289454,58085.53965747357,3240.094141960144,3539.876266121865,1158440.7421984994,601066.7508824769,487850.2099431699,51695.802536742005,2883.6655035135727,3150.469902441377
Subj3_58,1505078.7532806396,73.99539951999999,N,1201303.336715698,649763.4132385254,494637.4855041504,34544.579315185554,3493.247985839844,3288.582229614258,1117433.0032472268,604399.455211974,460103.8172895443,32132.810948160422,3249.3629781935283,3058.9861902073426
Subj3_59,1580658.1888651848,70.49910501,N,1314339.2771226168,701534.5068252087,567995.1215159893,24479.4471347332,4127.220593094826,3587.6106667518616,1164119.4794256715,621354.0134571498,503077.2470127047,21681.61733513753,3655.508111137603,3177.5718297822273
Subj3_60,1395212.1092448237,82.59613977,N,1154571.4216446877,609128.0879173279,475334.674999237,48441.13462114334,4150.454132080078,3399.1632013320923,1158533.5158662433,611218.4071752622,476965.86102533556,48607.36802686425,4164.697071083471,3410.8279668248474
Subj3_61,1339860.2404518127,84.39769969,N,1096688.6724452972,542923.7738313675,454657.9298906326,78480.68876171112,2782.47378730774,2769.014151573181,1145913.652087831,567292.9611730282,475065.2960880793,82003.30224691602,2907.3653987353573,2893.3016259182546
Subj3_62,1214452.3152782917,65.31622715,Y,995054.2844125032,541548.0744582415,414245.7028944492,20036.48953139782,3418.7451450824738,2966.012251853943,1147081.676778953,624287.4213367563,477535.40979444276,23097.724785949325,3941.0713314163313,3419.1685423597664
Subj3_63,1343545.2611489296,73.7162654,N,1113912.5567371843,602193.9333736897,445495.0328686237,49011.23235046864,3560.671230554581,3199.709714055061,1160718.30590841,627497.6594403785,464214.3916184286,51070.6466501765,3710.2878979406723,3334.159056053215
Subj3_64,1434917.080869913,91.86634953,Y,1181229.0015051365,688058.92493248,455864.73352360725,18587.82033121586,3665.927833080292,3136.1058198213573,1152485.132523915,671315.7908201118,444771.7818970678,18135.506790347696,3576.7216341176813,3059.792239066627
Subj3_65,1181875.4546238184,92.62414977,Y,934650.1324557066,472972.6339820624,385903.0583664179,57326.08585953713,3364.924997091293,3216.868297219277,1107147.2720063196,560263.5074485478,457124.546921864,67906.07241174749,3985.948754158069,3810.5670089751147
Subj3_66,1382051.425633907,92.85513265,Y,1160393.751331091,562087.8815104961,516850.920784235,62438.52628302574,3144.290161371231,2641.699650287628,1175463.6779296347,569387.6649732883,523563.2160113279,63249.40966371189,3185.1247676262483,2676.0071599407665
Subj3_67,1128622.4081571102,67.88547030000001,Y,923762.2769925594,526364.8977683783,367621.0550897122,14843.500640034676,3103.051489830017,2988.033019781113,1145881.1897074734,652929.4931145365,456015.64651368535,18412.624759046725,3849.1811383185636,3706.5064431285227
Subj3_68,1259090.3001904488,82.91362025,Y,1024997.2443783284,495908.1182336807,449485.107165575,60758.01448583602,2706.000645160675,2593.000618219376,1139708.6784900208,551407.127369767,499788.73630955693,67557.68054706175,3008.8397175738032,2883.193417468172
Subj3_69,1267255.783081055,56.24061171,N,1043759.3460083008,566419.6014404297,407448.76861572266,53762.43591308594,2414.703369140625,2438.545227050781,1153092.4568826035,625751.6853374512,450128.7614368903,59394.016017290596,2667.641972465672,2693.981249444993
Subj3_70,1147926.5847158432,90.97581139,Y,925888.9067554474,488304.735713005,383012.9449558258,36364.09489154816,2594.026756286621,2515.716514587403,1129205.0264507968,595531.6647426817,467118.82979074935,44349.29334855467,3163.649581040274,3068.1431785937752
